"DESCRIPTION","DURATION IN MS","NAME","PARENT SUITE","START TIME","STATUS","STOP TIME","SUB SUITE","SUITE","TEST CLASS","TEST METHOD"
"","12448","CartBadgeUpdatesWhenAddingItems","","2026-09-30","passed","2026-09-30","","SauceDemo","SauceDemoShoppingTests","CartBadgeUpdatesWhenAddingItems"
"","9008","CheckoutPageLoadsWithinAcceptableTime","","2026-09-30","passed","2026-09-30","","SauceDemo","SauceDemoPerformanceTests","CheckoutPageLoadsWithinAcceptableTime"
"","5547","CheckoutWithMissingFields_ShowsError","","2026-09-30","failed","2026-09-30","","SauceDemo","SauceDemoCheckoutValidationTests","CheckoutWithMissingFields_ShowsError"
"","0","Divide_ByNonZero_ReturnsQuotient","CalculatorLib.UnitTests","2026-09-30","passed","2026-09-30","CalculatorTests","CalculatorLib.UnitTests","CalculatorTests","Divide_ByNonZero_ReturnsQuotient"
"","394","GetAlbum_ReturnsAlbumDetails","Api.Tests","2026-09-30","passed","2026-09-30","JsonPlaceholderMediaTests","Api.Tests","JsonPlaceholderMediaTests","GetAlbum_ReturnsAlbumDetails"
"","8068","StandardUser_CanCheckoutWithMultipleItems","UI.Tests","2026-09-30","passed","2026-09-30","SauceDemoCheckoutTests","UI.Tests","SauceDemoCheckoutTests","StandardUser_CanCheckoutWithMultipleItems"
"","7756","CanRemoveItemFromCart","","2026-09-30","passed","2026-09-30","","SauceDemo","SauceDemoShoppingTests","CanRemoveItemFromCart"
"","12767","EmptyPassword_ShowsError","","2026-09-30","passed","2026-09-30","","SauceDemo","SauceDemoAuthenticationTests","EmptyPassword_ShowsError"
"","0","IsPrime_ReturnsExpectedResult","CalculatorLib.UnitTests","2026-09-30","passed","2026-09-30","CalculatorTests","CalculatorLib.UnitTests","CalculatorTests","IsPrime_ReturnsExpectedResult"
"","13102","ValidCheckoutCompletesSuccessfully","","2026-09-30","passed","2026-09-30","","SauceDemo","SauceDemoCheckoutValidationTests","ValidCheckoutCompletesSuccessfully"
"","6231","LockedOutUser_CannotLogin","","2026-09-30","passed","2026-09-30","","SauceDemo","SauceDemoAuthenticationTests","LockedOutUser_CannotLogin"
"","34","GetAllPosts_ReturnsMultiplePosts","Api.Tests","2026-09-30","passed","2026-09-30","JsonPlaceholderPostsTests","Api.Tests","JsonPlaceholderPostsTests","GetAllPosts_ReturnsMultiplePosts"
"","29","GetAlbums_ReturnsMultipleAlbums","Api.Tests","2026-09-30","passed","2026-09-30","JsonPlaceholderMediaTests","Api.Tests","JsonPlaceholderMediaTests","GetAlbums_ReturnsMultipleAlbums"
"","405","CreatePost_ReturnsCreatedWithId","Api.Tests","2026-09-30","passed","2026-09-30","JsonPlaceholderPostsTests","Api.Tests","JsonPlaceholderPostsTests","CreatePost_ReturnsCreatedWithId"
"","5539","ProductsDisplayCorrectly","","2026-09-30","failed","2026-09-30","","SauceDemo","SauceDemoShoppingTests","ProductsDisplayCorrectly"
"","0","Multiply_ReturnsExpectedProduct","CalculatorLib.UnitTests","2026-09-30","passed","2026-09-30","CalculatorTests","CalculatorLib.UnitTests","CalculatorTests","Multiply_ReturnsExpectedProduct"
"","27","GetPostsByUserId_ReturnsFilteredResults","Api.Tests","2026-09-30","passed","2026-09-30","JsonPlaceholderPostsTests","Api.Tests","JsonPlaceholderPostsTests","GetPostsByUserId_ReturnsFilteredResults"
"","6155","EmptyBothFields_ShowsError","","2026-09-30","passed","2026-09-30","","SauceDemo","SauceDemoAuthenticationTests","EmptyBothFields_ShowsError"
"","9273","CartBadgeIsAccessible","","2026-09-30","passed","2026-09-30","","SauceDemo","SauceDemoAccessibilityTests","CartBadgeIsAccessible"
"","42","DeletePost_Returns200","Api.Tests","2026-09-30","passed","2026-09-30","JsonPlaceholderPostsTests","Api.Tests","JsonPlaceholderPostsTests","DeletePost_Returns200"
"","10230","ValidUser_CanLogin","","2026-09-30","passed","2026-09-30","","SauceDemo","SauceDemoAuthenticationTests","ValidUser_CanLogin"
"","8563","MultipleAddToCartOperationsAreConsistent","","2026-09-30","passed","2026-09-30","","SauceDemo","SauceDemoPerformanceTests","MultipleAddToCartOperationsAreConsistent"
"","5851","StandardUser_CanAddMultipleItemsToCart","UI.Tests","2026-09-30","passed","2026-09-30","SauceDemoProductTests","UI.Tests","SauceDemoProductTests","StandardUser_CanAddMultipleItemsToCart"
"","81","UpdatePost_ReturnsUpdatedData","Api.Tests","2026-09-30","passed","2026-09-30","JsonPlaceholderPostsTests","Api.Tests","JsonPlaceholderPostsTests","UpdatePost_ReturnsUpdatedData"
"","10104","ProductNamesAreRetrievable","","2026-09-30","passed","2026-09-30","","SauceDemo","SauceDemoShoppingTests","ProductNamesAreRetrievable"
"","0","IsPrime_ReturnsExpectedResult","CalculatorLib.UnitTests","2026-09-30","passed","2026-09-30","CalculatorTests","CalculatorLib.UnitTests","CalculatorTests","IsPrime_ReturnsExpectedResult"
"","5778","AllInteractiveElementsHaveTextContent","","2026-09-30","passed","2026-09-30","","SauceDemo","SauceDemoAccessibilityTests","AllInteractiveElementsHaveTextContent"
"","0","IsPrime_ReturnsExpectedResult","CalculatorLib.UnitTests","2026-09-30","passed","2026-09-30","CalculatorTests","CalculatorLib.UnitTests","CalculatorTests","IsPrime_ReturnsExpectedResult"
"","30","GetAlbumsByUserId_ReturnsFilteredResults","Api.Tests","2026-09-30","passed","2026-09-30","JsonPlaceholderMediaTests","Api.Tests","JsonPlaceholderMediaTests","GetAlbumsByUserId_ReturnsFilteredResults"
"","6889","SpecialCharactersInUsername_HandledCorrectly","","2026-09-30","passed","2026-09-30","","SauceDemo","SauceDemoAuthenticationTests","SpecialCharactersInUsername_HandledCorrectly"
"","30","GetPhotosByAlbumId_ReturnsFilteredResults","Api.Tests","2026-09-30","passed","2026-09-30","JsonPlaceholderMediaTests","Api.Tests","JsonPlaceholderMediaTests","GetPhotosByAlbumId_ReturnsFilteredResults"
"","6450","ContinueShoppingNavigatesBackToInventory","","2026-09-30","passed","2026-09-30","","SauceDemo","SauceDemoCartTests","ContinueShoppingNavigatesBackToInventory"
"","56527","CartTotalCalculatesCorrectly","","2026-09-30","broken","2026-09-30","","SauceDemo","SauceDemoCartTests","CartTotalCalculatesCorrectly"
"","15870","EmptyUsername_ShowsError","","2026-09-30","passed","2026-09-30","","SauceDemo","SauceDemoAuthenticationTests","EmptyUsername_ShowsError"
"","5752","ProblemUserCanStillShop","","2026-09-30","passed","2026-09-30","","SauceDemo","SauceDemoShoppingTests","ProblemUserCanStillShop"
"","0","Add_ReturnsExpectedSum","CalculatorLib.UnitTests","2026-09-30","passed","2026-09-30","CalculatorTests","CalculatorLib.UnitTests","CalculatorTests","Add_ReturnsExpectedSum"
"","0","Add_ReturnsExpectedSum","CalculatorLib.UnitTests","2026-09-30","passed","2026-09-30","CalculatorTests","CalculatorLib.UnitTests","CalculatorTests","Add_ReturnsExpectedSum"
"","46204","CheckoutAfterRemovingItemFromCart","","2026-09-30","broken","2026-09-30","","SauceDemo","SauceDemoCheckoutValidationTests","CheckoutAfterRemovingItemFromCart"
"","391","GetUser_ReturnsUserDetails","Api.Tests","2026-09-30","passed","2026-09-30","JsonPlaceholderUsersTests","Api.Tests","JsonPlaceholderUsersTests","GetUser_ReturnsUserDetails"
"","6540","CartItemsDisplayWithCorrectInfo","","2026-09-30","passed","2026-09-30","","SauceDemo","SauceDemoCartTests","CartItemsDisplayWithCorrectInfo"
"","14305","ImagesHaveAltText","","2026-09-30","passed","2026-09-30","","SauceDemo","SauceDemoAccessibilityTests","ImagesHaveAltText"
"","8269","CheckoutWithEmptyFirstName_ShowsError","","2026-09-30","failed","2026-09-30","","SauceDemo","SauceDemoCheckoutValidationTests","CheckoutWithEmptyFirstName_ShowsError"
"","46","PatchPost_ReturnsPartialUpdate","Api.Tests","2026-09-30","passed","2026-09-30","JsonPlaceholderPostsTests","Api.Tests","JsonPlaceholderPostsTests","PatchPost_ReturnsPartialUpdate"
"","29","GetUsers_ReturnsMultipleUsers","Api.Tests","2026-09-30","passed","2026-09-30","JsonPlaceholderUsersTests","Api.Tests","JsonPlaceholderUsersTests","GetUsers_ReturnsMultipleUsers"
"","6378","CheckoutWithMissingFields_ShowsError","","2026-09-30","failed","2026-09-30","","SauceDemo","SauceDemoCheckoutValidationTests","CheckoutWithMissingFields_ShowsError"
"","1","IsPrime_ReturnsExpectedResult","CalculatorLib.UnitTests","2026-09-30","passed","2026-09-30","CalculatorTests","CalculatorLib.UnitTests","CalculatorTests","IsPrime_ReturnsExpectedResult"
"","7612","StandardUser_CanRemoveItemFromCart","UI.Tests","2026-09-30","passed","2026-09-30","SauceDemoCartTests","UI.Tests","SauceDemoCartTests","StandardUser_CanRemoveItemFromCart"
"","2","IsPrime_ReturnsExpectedResult","CalculatorLib.UnitTests","2026-09-30","passed","2026-09-30","CalculatorTests","CalculatorLib.UnitTests","CalculatorTests","IsPrime_ReturnsExpectedResult"
"","10152","CheckoutWithMissingFields_ShowsError","","2026-09-30","failed","2026-09-30","","SauceDemo","SauceDemoCheckoutValidationTests","CheckoutWithMissingFields_ShowsError"
"","8741","LoginWithInvalidFields_ShowsError","","2026-09-30","passed","2026-09-30","","SauceDemo","SauceDemoAuthenticationTests","LoginWithInvalidFields_ShowsError"
"","30","GetUserProfile_ContainsExpectedFields","Api.Tests","2026-09-30","passed","2026-09-30","JsonPlaceholderUsersTests","Api.Tests","JsonPlaceholderUsersTests","GetUserProfile_ContainsExpectedFields"
"","421","LoginPageDisplaysCorrectly","","2026-09-30","passed","2026-09-30","","SauceDemo","SauceDemoAuthenticationTests","LoginPageDisplaysCorrectly"
"","7520","Login_ViaEnterKey","","2026-09-30","passed","2026-09-30","","SauceDemo","SauceDemoAuthenticationTests","Login_ViaEnterKey"
"","20434","InventoryPageLoadsWithinAcceptableTime","","2026-09-30","passed","2026-09-30","","SauceDemo","SauceDemoPerformanceTests","InventoryPageLoadsWithinAcceptableTime"
"","16121","StandardUser_CanCheckoutWithSpecialCharactersInName","UI.Tests","2026-09-30","passed","2026-09-30","SauceDemoCheckoutTests","UI.Tests","SauceDemoCheckoutTests","StandardUser_CanCheckoutWithSpecialCharactersInName"
"","462","CreateComment_ReturnsCreatedStatus","Api.Tests","2026-09-30","passed","2026-09-30","JsonPlaceholderCommentsTests","Api.Tests","JsonPlaceholderCommentsTests","CreateComment_ReturnsCreatedStatus"
"","93","GetPhotos_ReturnsMultiplePhotos","Api.Tests","2026-09-30","passed","2026-09-30","JsonPlaceholderMediaTests","Api.Tests","JsonPlaceholderMediaTests","GetPhotos_ReturnsMultiplePhotos"
"","8643","CanAddMultipleItemsToCart","","2026-09-30","passed","2026-09-30","","SauceDemo","SauceDemoShoppingTests","CanAddMultipleItemsToCart"
"","6015","CheckoutWithVeryLongNames","","2026-09-30","passed","2026-09-30","","SauceDemo","SauceDemoCheckoutValidationTests","CheckoutWithVeryLongNames"
"","8222","RemovingLastItemEmptiesCart","","2026-09-30","passed","2026-09-30","","SauceDemo","SauceDemoCartTests","RemovingLastItemEmptiesCart"
"","26","GetNonExistentPost_Returns404","Api.Tests","2026-09-30","passed","2026-09-30","JsonPlaceholderPostsTests","Api.Tests","JsonPlaceholderPostsTests","GetNonExistentPost_Returns404"
"","33","GetCommentsByPostId_ReturnsFilteredResults","Api.Tests","2026-09-30","passed","2026-09-30","JsonPlaceholderCommentsTests","Api.Tests","JsonPlaceholderCommentsTests","GetCommentsByPostId_ReturnsFilteredResults"
"","1","Add_ReturnsExpectedSum","CalculatorLib.UnitTests","2026-09-30","passed","2026-09-30","CalculatorTests","CalculatorLib.UnitTests","CalculatorTests","Add_ReturnsExpectedSum"
"","6466","PerformanceGlitchUser_CanCompleteCheckout","UI.Tests","2026-09-30","passed","2026-09-30","SauceDemoCheckoutTests","UI.Tests","SauceDemoCheckoutTests","PerformanceGlitchUser_CanCompleteCheckout"
"","50","GetPhoto_ReturnsPhotoDetails","Api.Tests","2026-09-30","passed","2026-09-30","JsonPlaceholderMediaTests","Api.Tests","JsonPlaceholderMediaTests","GetPhoto_ReturnsPhotoDetails"
"","10938","ProductsHaveValidPrices","","2026-09-30","passed","2026-09-30","","SauceDemo","SauceDemoShoppingTests","ProductsHaveValidPrices"
"","6502","PageHasProperHeadings","","2026-09-30","failed","2026-09-30","","SauceDemo","SauceDemoAccessibilityTests","PageHasProperHeadings"
"","46","GetComments_ReturnsMultipleComments","Api.Tests","2026-09-30","passed","2026-09-30","JsonPlaceholderCommentsTests","Api.Tests","JsonPlaceholderCommentsTests","GetComments_ReturnsMultipleComments"
"","0","Multiply_ReturnsExpectedProduct","CalculatorLib.UnitTests","2026-09-30","passed","2026-09-30","CalculatorTests","CalculatorLib.UnitTests","CalculatorTests","Multiply_ReturnsExpectedProduct"
"","23031","CheckoutWithEmptyLastName_ShowsError","","2026-09-30","failed","2026-09-30","","SauceDemo","SauceDemoCheckoutValidationTests","CheckoutWithEmptyLastName_ShowsError"
"","4934","StandardUser_CanViewProductByPrice","UI.Tests","2026-09-30","passed","2026-09-30","SauceDemoProductTests","UI.Tests","SauceDemoProductTests","StandardUser_CanViewProductByPrice"
"","357","GetTodo_ReturnsExpectedFields","Api.Tests","2026-09-30","passed","2026-09-30","JsonPlaceholderTodosTests","Api.Tests","JsonPlaceholderTodosTests","GetTodo_ReturnsExpectedFields"
"","1","Subtract_ReturnsExpectedDifference","CalculatorLib.UnitTests","2026-09-30","passed","2026-09-30","CalculatorTests","CalculatorLib.UnitTests","CalculatorTests","Subtract_ReturnsExpectedDifference"
"","55455","MultipleItemsCalculateCorrectly","","2026-09-30","broken","2026-09-30","","SauceDemo","SauceDemoCartTests","MultipleItemsCalculateCorrectly"
"","8000","AddToCartResponseTimeIsAcceptable","","2026-09-30","passed","2026-09-30","","SauceDemo","SauceDemoPerformanceTests","AddToCartResponseTimeIsAcceptable"
"","6444","CheckoutWithSpecialCharactersInName","","2026-09-30","passed","2026-09-30","","SauceDemo","SauceDemoCheckoutValidationTests","CheckoutWithSpecialCharactersInName"
"","10697","LockedOutUser_SeesErrorMessage","UI.Tests","2026-09-30","passed","2026-09-30","SauceDemoLoginTests","UI.Tests","SauceDemoLoginTests","LockedOutUser_SeesErrorMessage"
"","16073","StandardUser_CanContinueWithNumericPostalCode","UI.Tests","2026-09-30","passed","2026-09-30","SauceDemoCheckoutTests","UI.Tests","SauceDemoCheckoutTests","StandardUser_CanContinueWithNumericPostalCode"
"","12656","StandardUser_CanAddSameItemTwice","UI.Tests","2026-09-30","passed","2026-09-30","SauceDemoProductTests","UI.Tests","SauceDemoProductTests","StandardUser_CanAddSameItemTwice"
"","8905","ProductsLoadWithImages","","2026-09-30","failed","2026-09-30","","SauceDemo","SauceDemoPerformanceTests","ProductsLoadWithImages"
"","8540","LoginPageLoadsWithinAcceptableTime","","2026-09-30","failed","2026-09-30","","SauceDemo","SauceDemoPerformanceTests","LoginPageLoadsWithinAcceptableTime"
"","5100","CanRemoveItemFromCart","","2026-09-30","passed","2026-09-30","","SauceDemo","SauceDemoCartTests","CanRemoveItemFromCart"
"","0","IsPrime_ReturnsExpectedResult","CalculatorLib.UnitTests","2026-09-30","passed","2026-09-30","CalculatorTests","CalculatorLib.UnitTests","CalculatorTests","IsPrime_ReturnsExpectedResult"
"","6157","StandardUser_CanLogin_AndSeeInventory","UI.Tests","2026-09-30","passed","2026-09-30","SauceDemoLoginTests","UI.Tests","SauceDemoLoginTests","StandardUser_CanLogin_AndSeeInventory"
"","9951","LoginWithInvalidFields_ShowsError","","2026-09-30","passed","2026-09-30","","SauceDemo","SauceDemoAuthenticationTests","LoginWithInvalidFields_ShowsError"
"","8417","CartDisplaysCorrectItemCount","","2026-09-30","passed","2026-09-30","","SauceDemo","SauceDemoCartTests","CartDisplaysCorrectItemCount"
"","0","Subtract_ReturnsExpectedDifference","CalculatorLib.UnitTests","2026-09-30","passed","2026-09-30","CalculatorTests","CalculatorLib.UnitTests","CalculatorTests","Subtract_ReturnsExpectedDifference"
"","33","GetPost_ReturnsExpectedPost","Api.Tests","2026-09-30","passed","2026-09-30","JsonPlaceholderPostsTests","Api.Tests","JsonPlaceholderPostsTests","GetPost_ReturnsExpectedPost"
"","23","GetTodos_ReturnsMultipleTodos","Api.Tests","2026-09-30","passed","2026-09-30","JsonPlaceholderTodosTests","Api.Tests","JsonPlaceholderTodosTests","GetTodos_ReturnsMultipleTodos"
"","8194","StandardUser_CanCompleteCheckout","UI.Tests","2026-09-30","passed","2026-09-30","SauceDemoCartTests","UI.Tests","SauceDemoCartTests","StandardUser_CanCompleteCheckout"
"","5136","CheckoutDisplaysCorrectCartItems","","2026-09-30","failed","2026-09-30","","SauceDemo","SauceDemoCheckoutValidationTests","CheckoutDisplaysCorrectCartItems"
"","22","GetTodosByUserId_ReturnsFilteredResults","Api.Tests","2026-09-30","passed","2026-09-30","JsonPlaceholderTodosTests","Api.Tests","JsonPlaceholderTodosTests","GetTodosByUserId_ReturnsFilteredResults"
"","13232","CartPageLoadsWithinAcceptableTime","","2026-09-30","passed","2026-09-30","","SauceDemo","SauceDemoPerformanceTests","CartPageLoadsWithinAcceptableTime"
"","16249","StandardUser_CanCheckoutAfterRemovingItem","UI.Tests","2026-09-30","passed","2026-09-30","SauceDemoCheckoutTests","UI.Tests","SauceDemoCheckoutTests","StandardUser_CanCheckoutAfterRemovingItem"
"","8224","ErrorMessagesAreAccessible","","2026-09-30","failed","2026-09-30","","SauceDemo","SauceDemoAccessibilityTests","ErrorMessagesAreAccessible"
"","14091","CartPersistsAcrossPageNavigation","","2026-09-30","passed","2026-09-30","","SauceDemo","SauceDemoShoppingTests","CartPersistsAcrossPageNavigation"
"","20630","CheckoutWithEmptyPostalCode_ShowsError","","2026-09-30","failed","2026-09-30","","SauceDemo","SauceDemoCheckoutValidationTests","CheckoutWithEmptyPostalCode_ShowsError"
"","46032","TaxCalculatesCorrectly","","2026-09-30","broken","2026-09-30","","SauceDemo","SauceDemoCartTests","TaxCalculatesCorrectly"
"","12999","StandardUser_CanAddItemToCart","UI.Tests","2026-09-30","passed","2026-09-30","SauceDemoLoginTests","UI.Tests","SauceDemoLoginTests","StandardUser_CanAddItemToCart"
"","6659","CheckoutWithMissingFields_ShowsError","","2026-09-30","failed","2026-09-30","","SauceDemo","SauceDemoCheckoutValidationTests","CheckoutWithMissingFields_ShowsError"
"","4612","StandardUser_CanViewProductList","UI.Tests","2026-09-30","passed","2026-09-30","SauceDemoProductTests","UI.Tests","SauceDemoProductTests","StandardUser_CanViewProductList"
"","5887","ProblemUser_CanStillAddItemsToCart","UI.Tests","2026-09-30","passed","2026-09-30","SauceDemoProductTests","UI.Tests","SauceDemoProductTests","ProblemUser_CanStillAddItemsToCart"
"","8","Add_ReturnsExpectedSum","CalculatorLib.UnitTests","2026-09-30","passed","2026-09-30","CalculatorTests","CalculatorLib.UnitTests","CalculatorTests","Add_ReturnsExpectedSum"
"","15969","CanAddItemToCart","","2026-09-30","passed","2026-09-30","","SauceDemo","SauceDemoShoppingTests","CanAddItemToCart"
"","17","Divide_ByZero_ThrowsDivideByZeroException","CalculatorLib.UnitTests","2026-09-30","passed","2026-09-30","CalculatorTests","CalculatorLib.UnitTests","CalculatorTests","Divide_ByZero_ThrowsDivideByZeroException"
"","425","LoginPageInputsHaveLabels","","2026-09-30","passed","2026-09-30","","SauceDemo","SauceDemoAccessibilityTests","LoginPageInputsHaveLabels"
"","9324","LoginWithInvalidFields_ShowsError","","2026-09-30","passed","2026-09-30","","SauceDemo","SauceDemoAuthenticationTests","LoginWithInvalidFields_ShowsError"
